video_id,title,description,published_at,tags,channel_id,channel_title,channel_subscribers,channel_video_count,view_count,like_count,comment_count,favorite_count,duration,definition,caption,licensed_content,privacy_status,embeddable,public_stats_viewable,thumbnail_default,thumbnail_medium,thumbnail_high,topic_categories,category_id,live_broadcast_content,default_language,default_audio_language
v9muEuZEgII,【National food 】Which country’s food is this?🫘🥚🥬,"Welcome to the energetic and funny ISSEI Channel!!
Please subscribe if you like this videos, and hit the Like button and Share!
Stay tuned for more amazing contents! 

- Smile and Love from Japan -

#shorts #issei #issei0806 #friends #food #meme #reaction #viral #trending #entertaining",2025-05-06T11:01:29Z,,UC6QZ_ss3i_8qLV_RczPZBkw,ISSEI / いっせい,60400000,3610,62260199,1894885,2819,0,PT40S,hd,false,True,public,True,True,https://i.ytimg.com/vi/v9muEuZEgII/default.jpg,https://i.ytimg.com/vi/v9muEuZEgII/mqdefault.jpg,https://i.ytimg.com/vi/v9muEuZEgII/hqdefault.jpg,"https://en.wikipedia.org/wiki/Food, https://en.wikipedia.org/wiki/Lifestyle_(sociology)",24,none,en,en
eRS8kTdJqMw,Em ngủ rồi😵‍💫#xuhuong #freefire,,2025-05-05T08:31:21Z,,UCsYABc3KrwbYb3GHOqJ6wPA,White Toxic,1640000,450,3632744,71335,608,0,PT1M1S,hd,false,True,public,True,True,https://i.ytimg.com/vi/eRS8kTdJqMw/default.jpg,https://i.ytimg.com/vi/eRS8kTdJqMw/mqdefault.jpg,https://i.ytimg.com/vi/eRS8kTdJqMw/hqdefault.jpg,https://en.wikipedia.org/wiki/Video_game_culture,20,none,,
B9kb9hbh77g,ИТАЛЬЯНСКИЕ МЕМЫ ВЕЗДЕ😱КВИНКА В ШОКЕ😳 #роблокс #игры #смешное #квинка,,2025-05-03T09:34:16Z,,UC6HKWohA11bBbyob7ieP-0g,i_roblox_queen,9480000,767,60042212,817537,3602,0,PT15S,hd,false,True,public,True,True,https://i.ytimg.com/vi/B9kb9hbh77g/default.jpg,https://i.ytimg.com/vi/B9kb9hbh77g/mqdefault.jpg,https://i.ytimg.com/vi/B9kb9hbh77g/hqdefault.jpg,https://en.wikipedia.org/wiki/Entertainment,20,none,,
4tZ1gH3F3y8,ИТАЛЬЯНСКИЕ МЕМЫ В МАГАЗИНЕ😱КВИНКА В ШОКЕ🫢 #роблокс #игры #смешное #квинка,,2025-05-06T15:26:37Z,,UC6HKWohA11bBbyob7ieP-0g,i_roblox_queen,9480000,767,26787871,272222,979,0,PT15S,hd,false,True,public,True,True,https://i.ytimg.com/vi/4tZ1gH3F3y8/default.jpg,https://i.ytimg.com/vi/4tZ1gH3F3y8/mqdefault.jpg,https://i.ytimg.com/vi/4tZ1gH3F3y8/hqdefault.jpg,https://en.wikipedia.org/wiki/Video_game_culture,20,none,,
39NUkctG3Gc,Vũ trụ brainrot đi tách kẹo #brainrot #2catv #squidgame,"Vũ trụ brainrot đi tách kẹo #brainrot #2catv 
📩 Quảng Cáo Liên Hệ: anh2cavn@gmail.com
Zalo: 0522696326
Facebook: https://www.facebook.com/le.trung.hieu.821332/
#xuhuong #freefire #2catv #bloxfruits",2025-04-29T10:00:05Z,"2ca, 2 cá, youtuber, minecraft, sinh tồn, 2 cá mc, roblox, blox fruit, blox fruit hài, blox fruit bựa, hài hước, funny, 2 cá tv, 2 ca tv, vlog, thử thách, Vũ trụ brainrot đi tách kẹo #brainrot #2catv, brainrot, Vũ trụ brainrot đi tách kẹo #brainrot #2catv #squidgame, squid game",UCm2-487VVek7Z1ospIl1riQ,2Cá TV,1480000,784,5937176,66996,144,0,PT18S,hd,false,True,public,True,True,https://i.ytimg.com/vi/39NUkctG3Gc/default.jpg,https://i.ytimg.com/vi/39NUkctG3Gc/mqdefault.jpg,https://i.ytimg.com/vi/39NUkctG3Gc/hqdefault.jpg,https://en.wikipedia.org/wiki/Entertainment,24,none,vi,vi
Gbpf5uAzctI,ИТАЛЬЯНСКИЕ МЕМЫ В МАГАЗИНЕ😱КВИНКА И САШКА В ШОКЕ🫢#роблокс #игры #смешное #квинка,,2025-05-02T11:55:12Z,,UC6HKWohA11bBbyob7ieP-0g,i_roblox_queen,9480000,767,45512852,593643,1845,0,PT14S,hd,false,True,public,True,True,https://i.ytimg.com/vi/Gbpf5uAzctI/default.jpg,https://i.ytimg.com/vi/Gbpf5uAzctI/mqdefault.jpg,https://i.ytimg.com/vi/Gbpf5uAzctI/hqdefault.jpg,https://en.wikipedia.org/wiki/Entertainment,20,none,,
ppQ-UJuIxzg,Khi tôi lấy thứ quan trọng đã giấu kỹ từ lâu và phản ứng của bà #doduyhieu  #shorts,"✔ xin chào, Đỗ Duy Hiếu đâyyyyyy 
-------------------------------------------
➥ Đăng ký kênh Đỗ Duy Hiếu để xem nhiều video mới tại: https://bit.ly/3KtyTsd
---------------------------------------

Theo dõi Đỗ Duy Hiếu trên :

► Facebook: https://www.facebook.com/doduyhieu2004/
► Fanpage: https://www.facebook.com/duyhieu04
► Tik Tok: https://www.tiktok.com/@dohieu_04

-LIÊN HỆ HƠP TÁC QUẢNG CÁO QUA :
Gmail: doduyhieuofficial@gmail.com

✪  #shorts #tiktok #doduyhieu #trend #tiktokvietnam  #metub 
---------------------/---------------------
© Bản quyền thuộc về Đỗ Duy Hiếu
© Copyright by Đỗ Duy Hiếu  ☞ Do not Reup
---------------------/---------------------
📣 Video chỉ mang tính chất giải trí nha mọi người 
📣 Nếu có vấn đề về bản quyền Âm nhạc,Hình ảnh…Mong bên chủ sở hữu liên hệ để chúng ta giải quyết qua email: doduyhieuofficial@gmail.com
Xin cảm ơn rất nhiều !!
---------------------/---------------------
đỗ duy hiếu,do duy hieu,do duy hieu tiktok,đỗ duy hiếu tiktok,funny,đỗ duy hiếu official,tiktok,best of tiktok,tik tok,tiktok songs 2023,tik tok video,tiktok viet nam,tik tok việt nam,hot tiktok,trào lưu tiktok,trao luu tik tok,tong hop tiktok,tiktok hài,hài tiktok,tiktok hài hước,tiktok giải trí,phim hài tiktok,hài ngắn tiktok,tiktok funny,khi tôi nhây với bà và cái kết,cháu nhây với bà,khi bà có đứa cháu quá nhây,cháu nhây với bà và cái kết,khi nhà có hảo bà và cái kết",2025-05-07T12:27:28Z,"Tiktok, Tiktok việt nam, Tiktok hot, Tiktoker, Đỗ Duy Hiếu, Duyhieutiktok, doduyhieu, đỗ duy hiếu, Bà cháu duy hiếu, Troll, Vlogs, Funny, Tổng hợp tiktok hay nhất, Trend, Xu hướng, Hài ngắn, Hài ngắn tiktok, Hài, Khi nhà có hảo cháu và cái kết, Khi hảo cháu gặp ngay hảo bà và cái kết, Cháu nhây bà",UCbzSOAh0ywEc7UDqLclGSxw,Đỗ Duy Hiếu,1330000,193,1763943,20416,47,0,PT48S,hd,false,True,public,True,True,https://i.ytimg.com/vi/ppQ-UJuIxzg/default.jpg,https://i.ytimg.com/vi/ppQ-UJuIxzg/mqdefault.jpg,https://i.ytimg.com/vi/ppQ-UJuIxzg/hqdefault.jpg,"https://en.wikipedia.org/wiki/Entertainment, https://en.wikipedia.org/wiki/Humour",24,none,vi,vi
mxpE0IXF-Vo,DỄ LỪA CHỊ LẮM #haibadane #shorts,"Hai bà dà chào cả nhàaaaa 👵👵
Cả nhà nhớ nhấn nút Đăng ký 👍 và bật Chuông thông báo 🔔 để không bỏ lỡ bất kỳ video mới nào của hai bà nha

✨ Hai bà dà nè ✨
https://youtube.com/channel/UCiLrRPwHWjfHljbV7r-77Ag?sub_confirmation=1

#shorts #haibadane #haibagiane #tiktok #tiktokfunny #tiktoktrieuview #tiktoktrend #Metubnetwork #Metub

✿ Follow Hai bà dà nè tại tiktok nhaaaa: https://www.tiktok.com/@haibadane

Coi thêm danh sách phát cả ngày dui dẻ khôm quạo nèee
⚡ HAI BÀ DÀ NÈ: https://www.youtube.com/playlist?list=PLbRTubmB79Z6TFcjGyS10G5d6IkK4xch0
⚡ TỔNG HỢP NÈ: https://www.youtube.com/playlist?list=PLbRTubmB79Z6aQMSWflnwzsPEqJSmBfr7
⚡ NGHE NHẠC NÈ: https://www.youtube.com/playlist?list=PLbRTubmB79Z6ND7hrdaQKXh7IC6OprnE-

© Bản quyền thuộc về Hai bà dà nè ☞ Vui lòng không đăng tải lại dưới mọi hình thức!
© Copyright by Hai bà dà nè ☞ Do not Reup!",2025-05-06T03:00:56Z,"hai bà dà nè, hai bà già nè, hai ba da ne, tiktok genz, tiktok hai bà già, tiktok hai bà dà, hai bà dà tiktok, tiktok hài hước, tiktok hài việt nam, hai bà già cháy phố, haibadane, tiktok trend, hai bà già nè khi có bồ, hai bà già nè cái nết ăn, hai bà già nè đám cưới, phim hai bà già nè, hài ngắn tiktok, hài ngắn, video hài hước, hài tiktok 2023, tiktok hài, troll, cà khịa cực mạnh, cà khịa funny, triệu view, cà khịa hài hước, tiktok cà khịa",UCiLrRPwHWjfHljbV7r-77Ag,Hai bà dà nè,1800000,1600,2137664,28792,39,0,PT31S,hd,false,True,public,True,True,https://i.ytimg.com/vi/mxpE0IXF-Vo/default.jpg,https://i.ytimg.com/vi/mxpE0IXF-Vo/mqdefault.jpg,https://i.ytimg.com/vi/mxpE0IXF-Vo/hqdefault.jpg,https://en.wikipedia.org/wiki/Entertainment,24,none,vi,vi
F7wfpaovovI,Theng | Người Mẹ Siêu Thám Tử 4 #viral #shorts,"A DAY WITHOUT LAUGHTER IS A DAY WASTED 
""Theng - tên thật là Thắng""
Tạo tiếng cười cho mọi người là NIỀM VUI của Thắng
Mọi người hãy nhấn đăng kí để ủng hộ Thắng và dễ dàng theo dõi clip mới nhất của Thắng!
Các mạng xã hội mà mình sử dụng:
Facebook: https://www.facebook.com/profile.php?id=100018578207222
Tiktok: https://www.tiktok.com/@thengneee
CÁM ƠN TÌNH CẢM MỌI DÀNH CHO MÌNH RẤT NHIỀU!
MÃI YÊU!

© Bản quyền video thuộc về Theng
© Copyright by Theng  ☞ Do not Reup",2025-05-08T11:00:33Z,"Theng, theng, Trần Đức Thắng, Thắng, phim ngắn, phim hài, phim hài ngắn, hài ngắn, phim hài tiktok, phim hài ngắn tiktok, tiktok hài, tiktok hài hước, hài tiktok, hài, hài hước, giải trí, hài ngắn tiktok, phim hài ngắn giải trí, hài ngắn 2023, hài ngắn mới nhất, trần đức thắng, tổng hợp video hài hước, hài hước troll, hài ngắn comedy, trend titok mới nhất, shorts, #shorts, tiktok, #viral, đú trend, trend hot tiktok, viral, ân oán giang hồ",UCQ3lvanwwQ_tE_MgT1SMg2g,Theng,1450000,489,1845302,34914,109,0,PT1M50S,hd,false,True,public,True,True,https://i.ytimg.com/vi/F7wfpaovovI/default.jpg,https://i.ytimg.com/vi/F7wfpaovovI/mqdefault.jpg,https://i.ytimg.com/vi/F7wfpaovovI/hqdefault.jpg,"https://en.wikipedia.org/wiki/Entertainment, https://en.wikipedia.org/wiki/Film",22,none,,vi
ad6aMWJrsZU,Tránh vỏ dưa gặp vỏ dừa kiểu | Lê Long An #shorts,"#shorts 
Xin chào mọi người , tui là Long An Daxua nè nè nè !
Nếu có vấn đề gì về bản quyền mình sẽ giải quyết ngay cho bạn , làm ơn hãy liên hệ đến Gmail : daxuahoingoc@gmail.com ! Trân trọng cảm ơn bạn rất nhiều 
------------
*Giúp mình đạt 5.000.000 subscribe nha 
------------
TIKTOK của tớ : www.tiktok.com/@longandaxua
FACEBOOK cá nhân của tớ : https://www.facebook.com/langtu.anan
---------
- Các tổ chức, cá nhân vui lòng không đăng lại, mọi hành vi đăng lại có thể khiến kênh của bạn bị xóa vĩnh viễn! 
______
-Organizations and individuals please do not post again, any repurposing behavior may result in permanent deletion of your channel!
____
Copyrighted video belongs to Long An Daxua©
Video có bản quyền thuộc Long An Daxua ©
#lelongantiktok
#longandaxua
#daxua 
#bede
#khambua
#daxuakhambua
#layloi
#lelongan 
#tiktokerlelongan 
#tiktok 
#shortsvideo #shorts #shortsfeed #shortsclip #shortsyoutube #shortsviral #shortseries #shortstiktok #shortsfunny #shortscraft #shortscomedy  #shortsvideoviral #shortstoriesforkids",2025-05-02T05:23:45Z,"le long an, lê long an, long an daxua, ông bố bất hạnh, long an, tik tok le long an, reaction le long an, tik tok lê long an, haihuoc, hottiktokerlelongan, lelongan, xemvideolelongan, daxua, layloi, tiktokerlongan, hai, lelongantiktok, cuoi rot nuoc mat, thanh lay, long an daxua tiktok, comedy, clip hài, clip vui, clip hài tiktok, video ngắn, clip ngắn, lê long an tiktok, trend, trend tiktok, tiktok lê long an, le long an tiktok, hot tiktoker, kho khan, cai ket",UCVFvpKjm8he0gJLIfM1lnLA,Long An Daxua,1450000,648,3651248,44634,82,0,PT40S,hd,false,True,public,True,True,https://i.ytimg.com/vi/ad6aMWJrsZU/default.jpg,https://i.ytimg.com/vi/ad6aMWJrsZU/mqdefault.jpg,https://i.ytimg.com/vi/ad6aMWJrsZU/hqdefault.jpg,https://en.wikipedia.org/wiki/Entertainment,24,none,vi,zxx
NQkbRj180EM,I had to let a few old watches stay for a few days  I ate so many steamed buns in one meal,"Hi 😎! Welcome to the ""Curious Clothing Show"" channel 🎉. Here is a 34-year-old mother and her 10-year-old cute son 👩‍👦. We use videos to record the child's growth and witness every wonderful moment of his ✨. If you like our content, be sure to subscribe to the channel and click the little bell icon 🔔 to interact with us and share your feelings and suggestions 💬. All our videos are authorized by creators in mainland China and strictly abide by the platform regulations. You can watch them with confidence 😉. Accompany your children to grow up and feel this warmth and beauty 💖.",2025-05-01T22:00:22Z,"Curious Clothing Show channel, mom and son, 10-year-old boy, 34-year-old mom, child growth, parenting journey, kid's development, family moments, mother and child, record growth, adorable kid, caring mom, growing up, family vlog, childhood memories, parent-child bond, lovely boy, mature mom, growth diary, family video, child's life, parenting experience, happy family, child's story, mom's love, family fun, growth record, cute moments, child's adventure.",UCbHm8-PK2J9f1bFegmdj5ag,Curious Clothing Show,49000,674,29208210,302681,410,0,PT16S,hd,false,True,public,True,True,https://i.ytimg.com/vi/NQkbRj180EM/default.jpg,https://i.ytimg.com/vi/NQkbRj180EM/mqdefault.jpg,https://i.ytimg.com/vi/NQkbRj180EM/hqdefault.jpg,"https://en.wikipedia.org/wiki/Food, https://en.wikipedia.org/wiki/Lifestyle_(sociology)",22,none,en,en
aHoAICTzjKc,DIY Bamboo Creations with new Three Clour Balloone Slingshots #Bamboo #Bambooart,,2025-05-04T01:00:01Z,,UC09yLJNAnvqmGDqJ-z7hZ4g,Bamboo Art,6670000,449,86213726,1646566,1323,0,PT24S,hd,false,True,public,True,True,https://i.ytimg.com/vi/aHoAICTzjKc/default.jpg,https://i.ytimg.com/vi/aHoAICTzjKc/mqdefault.jpg,https://i.ytimg.com/vi/aHoAICTzjKc/hqdefault.jpg,"https://en.wikipedia.org/wiki/Hobby, https://en.wikipedia.org/wiki/Lifestyle_(sociology)",22,none,,
AEXc8qIu47s,trường học bờ rên rốt tập 2 #shorts,"Xin chào các bạn, nếu thích thì share và subscribe cho mình để xem nhiều video mới hơn nhé!!!! 

--------------------
Ngoài ra thì tớ hoạt động chủ yếu trên Facebook nha :3
► Fanpage: http://fb.com/hiepdo95
► Instagram: http://instagram.com/hiep.fanxychild
► Facebook: http://fb.com/okiahiep
--------------------
Liên hệ quảng cáo viral :
Email: jihyoholic@gmail.com.
Trực tiếp qua fb cá nhân.
---------------------
© Bản quyền thuộc về HiepDo",2025-04-28T11:35:14Z,"Lipsync, Hiệp Đỗ, Ô Kìa Hiệp, Hiệp, Hiệp lipsings, lipsings, ngưng làm bạn, làm người yêu, funny, hát nhép, hát nhép bá đạo, hài hước, hài, cười, vui nhộn, video hài, hài troll, video vui, meme, hài ngắn, hài tiktok, trend hài, video viral, video shorts, shorts hài, clip hài, clip vui nhộn, hài mới nhất, video hot, video hay, nội dung hài, trending shorts, shorts hay, hài viral, video xu hướng, funny video, tiktok, funny videos, shorts, youtube shorts, tik tok",UCn29WLYRnmWojlsiysb0QAA,Ô Kìa Hiệp,528000,391,8280996,127669,753,0,PT59S,hd,false,True,public,True,True,https://i.ytimg.com/vi/AEXc8qIu47s/default.jpg,https://i.ytimg.com/vi/AEXc8qIu47s/mqdefault.jpg,https://i.ytimg.com/vi/AEXc8qIu47s/hqdefault.jpg,https://en.wikipedia.org/wiki/Entertainment,10,none,,vi
JRz3oEmmMYo,"Sắp tới các kỳ thi lớn, chúc các sĩ tử sẽ luôn vững tâm hoàn thành tốt bài thi nhé #shorts #j4f",,2025-05-07T05:09:10Z,,UCeicf-2vZwmF0HJZccGXS3w,Choco Trúc Phương,23900,60,1174818,24884,105,0,PT45S,hd,false,True,public,True,True,https://i.ytimg.com/vi/JRz3oEmmMYo/default.jpg,https://i.ytimg.com/vi/JRz3oEmmMYo/mqdefault.jpg,https://i.ytimg.com/vi/JRz3oEmmMYo/hqdefault.jpg,https://en.wikipedia.org/wiki/Lifestyle_(sociology),10,none,,vi
G3vbNKvXKlM,Khi Tui Hát Bài Hát Hot Top Top Nhưng Ở Vũ Trụ BRAINROT Kiểu 🤡 #shorts || Yến Nồi Cơm Điện,,2025-05-09T11:55:00Z,,UC7E8Pnn_Dt9SVpVsE7LDnfw,Yến Nồi Cơm Điện,2620000,1128,823766,23423,328,0,PT41S,hd,false,True,public,True,True,https://i.ytimg.com/vi/G3vbNKvXKlM/default.jpg,https://i.ytimg.com/vi/G3vbNKvXKlM/mqdefault.jpg,https://i.ytimg.com/vi/G3vbNKvXKlM/hqdefault.jpg,"https://en.wikipedia.org/wiki/Entertainment, https://en.wikipedia.org/wiki/Music_of_Asia",10,none,vi,vi
5X2cNlnUijE,"I scared myself, it turned out to be true   #funny #cute #baby #father #comedy #cutebaby#funnyvideos","Our content is produced with children's safety in mind and does not contain any plot that may cause harm to them.
Hello everyone, my name is Chacha
https://www.youtube.com/channel/UC49MSQdai1EUgy7cpUBqI7w?sub_confirmation=1
I am a naughty and cute child🤣
There are interesting daily stories of me and my family on YouTube
Hope you like my video 🥰
#fatherlove  #cutebaby  #funny  #family",2025-05-01T23:00:11Z,"Cute baby, family, fun, parent-child, daily life, funny video, sharing, cute, daughter, Funny Parent-Child Videos, father and daughter, lovely kid, family story, cute kid",UC49MSQdai1EUgy7cpUBqI7w,Funny Parent-Child Videos,601000,2048,18095948,199783,534,0,PT14S,hd,false,True,public,True,True,https://i.ytimg.com/vi/5X2cNlnUijE/default.jpg,https://i.ytimg.com/vi/5X2cNlnUijE/mqdefault.jpg,https://i.ytimg.com/vi/5X2cNlnUijE/hqdefault.jpg,"https://en.wikipedia.org/wiki/Humour, https://en.wikipedia.org/wiki/Lifestyle_(sociology)",22,none,en,en
KavkKuOYQKA,📷Shooting Day BTS🩸 @mizumayuuki @Majimero100m,,2025-05-05T14:00:25Z,"funny, #funnyvideo, #meme, #memes, #mostfunny, #MY, #mizumayuuki, #shorts, #mizumayuukilegend, short, comedy, TikTok, meme, menarik, keluarga, viral, viralvideos, mizuma, दिलचस्प, वायरल, निकर, जादू, magia, gracioso, engraçado, engraçada, graciosa, ตลก, ตระกูล, familia, семья, смешной, eğlenceli, aile, gia đình, vui, مضحك, الأسرة, lucu, ਪਰਿਵਾਰ, ਮਜ਼ਾਕੀਆ, komisch, Familie, পরিবার, হাস্যকর, famille, drôle, على نطاق واسع, 바이러스의, 가족, 재미있는, kulawarga, популярный, virus",UCIN9NzdhD-jWS3Z0crsHmkQ,MY💝No War🤝,3540000,1860,27253827,384094,884,0,PT20S,hd,false,True,public,True,True,https://i.ytimg.com/vi/KavkKuOYQKA/default.jpg,https://i.ytimg.com/vi/KavkKuOYQKA/mqdefault.jpg,https://i.ytimg.com/vi/KavkKuOYQKA/hqdefault.jpg,"https://en.wikipedia.org/wiki/Lifestyle_(sociology), https://en.wikipedia.org/wiki/Music_of_Asia",24,none,,
CPFJCPM-vQI,Prank On My BoyFriend🔥 Watch Till end 😂 #shorts,"KFC Chicken! Thank you for watching. Subscribe to Mr Degree

#prank #pranks",2025-05-05T11:39:23Z,"prank, pranks, idea, hacks, diy, life hacks, ideas, funny, shorts, mr degree, mariana, how to",UCeYTfGpNCmVhlxjQxBDrGPA,Mr DegrEE,37200000,1980,22824314,241601,370,0,PT15S,hd,false,True,public,True,True,https://i.ytimg.com/vi/CPFJCPM-vQI/default.jpg,https://i.ytimg.com/vi/CPFJCPM-vQI/mqdefault.jpg,https://i.ytimg.com/vi/CPFJCPM-vQI/hqdefault.jpg,"https://en.wikipedia.org/wiki/Entertainment, https://en.wikipedia.org/wiki/Food",24,none,,en-US
vlPDhY7wXaU,wow,,2025-05-02T12:59:15Z,,UCNRl8nOCoUvki2FNFxQZgEg,dednahype,42500000,4187,82385811,975887,1029,0,PT16S,hd,false,True,public,True,True,https://i.ytimg.com/vi/vlPDhY7wXaU/default.jpg,https://i.ytimg.com/vi/vlPDhY7wXaU/mqdefault.jpg,https://i.ytimg.com/vi/vlPDhY7wXaU/hqdefault.jpg,https://en.wikipedia.org/wiki/Lifestyle_(sociology),23,none,,en
-p614RRW3q8,The evil durian was chasing me😵‍💫 #cat #cats,,2025-04-29T07:00:00Z,,UCzybj8GhOrPvWv_ZctJAlAw,Prince Tom,5690000,76,84021676,1078815,510,0,PT37S,hd,false,True,public,True,True,https://i.ytimg.com/vi/-p614RRW3q8/default.jpg,https://i.ytimg.com/vi/-p614RRW3q8/mqdefault.jpg,https://i.ytimg.com/vi/-p614RRW3q8/hqdefault.jpg,https://en.wikipedia.org/wiki/Entertainment,22,none,,en
w6Y5Ckw-Yu4,Khi nghỉ hè gặp nghỉ hưu P1 #xonhaBun #viral #comedy #trending #shorts,"Mình hi vọng rằng, Xó nhà bún sẽ được mọi người ghé thăm mỗi ngày, và nhận được thật nhiều niềm vui từ những câu chuyện nhỏ của chúng mình mỗi ngày ♥️👩‍❤️‍💋‍👩
Cảm ơn mọi người đã yêu thương và dành tình cảm cho chúng mình ♥️👩‍❤️‍💋‍👩

#xonhaBun #viral #comedy #trending #shorts #trending #tiktoktrieuview #vlog #dailyvlog  #giadinhhaihuoc #Metubnetwork #Metub

Các cậu đừng quên like share và nhấn đăng kí ủng hộ nhà mình nhé
►Email: xonhabun@gmail.com
►Kênh tiktok : tiktok.com/@xo.nha.bun
►Page: https://www.facebook.com/XoNhaBun/
►Đăng kí kênh: https://www.youtube.com/channel/UCclGtccK0e6HJVKBDesyQ_A?sub_confirmation=1
 
© Bản quyền thuộc về Xó nhà Bún ☞ Vui lòng không đăng tải lại dưới mọi hình thức!
© Copyright by Xó nhà Bún ☞ Do not Reup!",2025-04-29T09:10:02Z,"xó nhà bún, xóm nhà bún, nhà bún, tiktok xó nhà bún, tiktok trend, xó nhà Bún, gia đình hài hước, gia đình vui nhộn, cặp đôi hài hước, khoảnh khắc vui nhộn, tiktok, xonhabun, vlog, dailyvlog, xó nhà bún tiktok, xó nhà bún đi đẻ, xó nhà bún đi du lịch, xó nhà bún vlog, vlog gia đình, tiktok gia đình, vlog xó nhà bún, nhà bún vlog, gia đình nhà bún, bố bún, mẹ bún, bún bún, em bé bún, mẹ bún có bầu",UCclGtccK0e6HJVKBDesyQ_A,Xó nhà Bún,540000,522,2333101,23384,33,0,PT50S,hd,false,True,public,True,True,https://i.ytimg.com/vi/w6Y5Ckw-Yu4/default.jpg,https://i.ytimg.com/vi/w6Y5Ckw-Yu4/mqdefault.jpg,https://i.ytimg.com/vi/w6Y5Ckw-Yu4/hqdefault.jpg,https://en.wikipedia.org/wiki/Lifestyle_(sociology),22,none,,
XxI8jS5zLuk,小路飞想游泳没水怎么办？ #海贼王 #路飞,"装扮海贼王角色，以动漫人设演绎现代搞笑剧情，油管的伙伴们大家好!
我是路飞与唐舞桐，正式入驻油管了，此频道唯一授权频道
其他频道皆为盗版，打击盗版，从我做起~
海贼王粉丝千千万，路飞家的占一半
装扮海贼王角色，以动漫人设演绎现代搞笑剧情
每天带给你们开心快乐 ，要记得准时收看我的影片
哦!
赶紧订阅，路飞与唐舞桐在等你~
本频道制作的所有视频都符合平台的使用政策，没有任何违规行为
我们的视频制作团队会特别关注儿童的安全需求，确保内容不会对其造成任何危害",2025-05-05T09:30:17Z,"路飞与唐舞桐, 动漫人设, 现代搞笑剧情, 海贼王角色装扮, 海贼王粉丝, 日常幽默, 漫画改编, 动漫文化, 二次元世界, 漫迷交流, 角色扮演, 剧情解析, 粉丝互动, 动漫推荐, 漫画爱好者, 动画创作, 角色分析, 二次元幽默, 动漫娱乐, 漫画角色, 文化传播, 创意演绎, 网络红人, 动漫角色讨论",UCQPMKK3ZuDep5FaCUJQYzQA,路飞与唐舞桐,12200000,2275,21671015,242794,75,0,PT29S,hd,false,True,public,True,True,https://i.ytimg.com/vi/XxI8jS5zLuk/default.jpg,https://i.ytimg.com/vi/XxI8jS5zLuk/mqdefault.jpg,https://i.ytimg.com/vi/XxI8jS5zLuk/hqdefault.jpg,https://en.wikipedia.org/wiki/Lifestyle_(sociology),22,none,zh,zh
74EORsVUu4c,Khi Squid Game Có Trò Tô Màu Brainrot Baby | Sheep #shorts,"► Đăng ký kênh Sheep: https://www.youtube.com/c/Sheep95
► Đăng ký kênh Sheep Shorts: https://metub.net/sheepshorts
► Đăng ký kênh Sheep Farm: https://metub.net/sheepfarm
► Đăng ký kênh Rút: https://metub.net/rut
---------------------

#sheep #sheepchoigame #sheepfarm #sheepsuutam #sheeptruyenma #metub #metubnetwork 
---------------------
© Bản quyền thuộc về Sheep
© Copyright by Sheep ☞ Do not Reup
""METUB Network - Mạng lưới các nhà sáng tạo nội dung hàng đầu Châu Á""",2025-05-04T10:30:03Z,"sheep, rút, sheep chơi game, sheep reaction, sheep tiktok, tiktok sheep, sheep súp bờ, sheepfarm, sheep kể chuyện ma, game kinh dị, creepy game, creepypasta game, horror game, sheep chơi game kinh dị, reaction game kinh dị, sheep squid game, squid game, squidgame, squid game 2, squid game real life, squid game đời thực, shorts, brainrot, italianrot, indorot, tralalero tralala, ballerina capuchino",UCj_LC4oQW2nEr9X4XPs2uFw,Sheep,4680000,724,7777360,107977,139,0,PT46S,hd,false,True,public,True,True,https://i.ytimg.com/vi/74EORsVUu4c/default.jpg,https://i.ytimg.com/vi/74EORsVUu4c/mqdefault.jpg,https://i.ytimg.com/vi/74EORsVUu4c/hqdefault.jpg,https://en.wikipedia.org/wiki/Lifestyle_(sociology),24,none,vi,en-US
joX0XsyjEIU,How do joker make green#Harley Quinn #joker,"We hope you have a good time with our videos, and you are welcome to subscribe to our channel！！
Our video production team pays special attention to the safety needs of children to ensure that the content does not cause any harm to them",2025-05-02T16:48:01Z,"#Harley Quinn, #joker",UCYFKMKQwYNun2wNj458kREQ,Harley Quinn with the Joker,11000000,1608,33679395,760580,301,0,PT53S,hd,false,True,public,True,True,https://i.ytimg.com/vi/joX0XsyjEIU/default.jpg,https://i.ytimg.com/vi/joX0XsyjEIU/mqdefault.jpg,https://i.ytimg.com/vi/joX0XsyjEIU/hqdefault.jpg,https://en.wikipedia.org/wiki/Entertainment,22,none,en,en
rYtZAds6SJw,Khi Tralalero Tralala Cứu Sheep | Sheep #shorts,"---
► Đăng Ký Kênh ""Sheep Farm"": https://bit.ly/3ygGILT
► Đăng Ký Kênh ""Sheep"": https://bit.ly/3rMzexz
------------------------------------------
#sheep #sheepfarm #roblox #metub #metubnetwork
------------------------------------------
© Bản quyền thuộc về Sheep
© Copyright by Sheep ☞ Do not Reup
""METUB Network - Mạng lưới các nhà sáng tạo nội dung hàng đầu Châu Á""",2025-04-27T11:19:00Z,"sheep, sheep farm, roblox, sheep chơi game, tiktok, tik tok, sheep tiktok, minecraft, mini world, sheep mini world, sheep minecraft, miniworld, sheep miniworld, shorts, animation, mini world animation, mini world story, tung tung sahur, sahur, tung tung tung, indorot, thanos, squid game, thanos squid game 2, squid game 2, tralalero tralala, tralalero",UC2qV2TQ72mxSBJam-TSYVHQ,Sheep Farm,1080000,308,5640900,61779,278,0,PT20S,hd,false,True,public,True,True,https://i.ytimg.com/vi/rYtZAds6SJw/default.jpg,https://i.ytimg.com/vi/rYtZAds6SJw/mqdefault.jpg,https://i.ytimg.com/vi/rYtZAds6SJw/hqdefault.jpg,"https://en.wikipedia.org/wiki/Entertainment, https://en.wikipedia.org/wiki/Film",20,none,,en-US
pAVDDq0Qxhw,🍅 Mix: Dried cherry tomatoes + tesla coil #experiment #vegetables #physics,,2025-04-30T01:11:00Z,,UCOMrPbG4EbktM7TdA7FjxBg,Konstantin - trendsetter,508000,1373,35838500,298554,146,0,PT13S,hd,false,True,public,True,True,https://i.ytimg.com/vi/pAVDDq0Qxhw/default.jpg,https://i.ytimg.com/vi/pAVDDq0Qxhw/mqdefault.jpg,https://i.ytimg.com/vi/pAVDDq0Qxhw/hqdefault.jpg,,28,none,,en
SxWzyf4taho,"Lễ diễu binh, diễu hành 30/4: Quân đội Nhân dân Việt Nam - Những bước chân hào hùng  | VTV24","Lễ diễu binh, diễu hành kỷ niệm 50 năm Ngày Giải phóng miền Nam, thống nhất đất nước (30/4/1975 - 30/4/2025) trở thành khoảnh khắc lịch sử đáng nhớ với hình ảnh hào hùng của các khối Quân đội Nhân dân Việt Nam. Những bước chân đều tăm tắp, dứt khoát thể hiện bản lĩnh, kỷ luật và lòng trung thành son sắt với Tổ quốc.
--------------
""Nối Vòng Tay Lớn"" – chiến dịch do VTV Digital thực hiện trên các nền tảng số của VTV24, hướng tới kỷ niệm 50 năm ngày Giải phóng miền Nam, thống nhất đất nước.
#NoiVongTayLon #50nam30thang4cungVTV #A50
----------
Đồng hành cùng VTV Digital tại:

Ứng dụng VTVgo
Android: https://bit.ly/305aQLs
iOS: https://apple.co/3g8yMTS
hoặc xem trực tiếp trên https://vtvgo.vn/

Báo điện tử: https://VTV.vn

Fanpage:
Tin tức, Xã hội: https://fb.com/tintucvtv24
Chuyên trang Tài Chính: https://fb.com/VTVMoney
Báo điện tử VTV: https://fb.com/baodientuvtv

Youtube: https://youtube.com/vtv24
Zalo: https://zalo.me/1571891271885013375
Instagram: https://instagram.com/vtv24news/
Tiktok: tiktok.com/@vtv24news
Twitter: https://twitter.com/vtvdigitalnews
#VTVDigital #Tintuc",2025-04-30T02:11:09Z,"trung tâm tin tức vtv24, VTV Digital, chuyển động 24h, diễu hành, 30 tháng 4, diễu binh vtv, diễu hành vtv, giải phóng miền nam, thống nhất đất nước, full diễu binh diễu hành, full diễu hành, full diễu binh, 50 năm, 50 năm giải phóng miền nam, diễu binh diễu hành vtv, vtv, diễu binh 2025, diễu binh TP. Hồ Chí Minh, Trực tiếp, trực tiếp diễu binh diễu hành, lễ kỷ niệm, TP. Hồ Chí Minh, quân đội nhân dân Việt Nam, những bước chân hào hùng, diễu binh quân đội, QĐND",UCabsTV34JwALXKGMqHpvUiA,VTV24,6440000,47584,5421721,26558,0,0,PT17M15S,hd,false,True,public,True,True,https://i.ytimg.com/vi/SxWzyf4taho/default.jpg,https://i.ytimg.com/vi/SxWzyf4taho/mqdefault.jpg,https://i.ytimg.com/vi/SxWzyf4taho/hqdefault.jpg,"https://en.wikipedia.org/wiki/Military, https://en.wikipedia.org/wiki/Politics, https://en.wikipedia.org/wiki/Society",25,none,,vi
hdwk24yNOdg,Theng | Tiệm Tạp Hóa Của Mẹ #viral #shorts #heocaoboisnackdinhduong #snackdinhduong #heocaoboi,"A DAY WITHOUT LAUGHTER IS A DAY WASTED 
""Theng - tên thật là Thắng""
Tạo tiếng cười cho mọi người là NIỀM VUI của Thắng
Mọi người hãy nhấn đăng kí để ủng hộ Thắng và dễ dàng theo dõi clip mới nhất của Thắng!
Các mạng xã hội mà mình sử dụng:
Facebook: https://www.facebook.com/profile.php?id=100018578207222
Tiktok: https://www.tiktok.com/@thengneee
CÁM ƠN TÌNH CẢM MỌI DÀNH CHO MÌNH RẤT NHIỀU!
MÃI YÊU!

© Bản quyền video thuộc về Theng
© Copyright by Theng  ☞ Do not Reup
#metub",2025-04-27T11:01:04Z,"Theng, theng, Trần Đức Thắng, Thắng, phim ngắn, phim hài, phim hài ngắn, hài ngắn, phim hài tiktok, phim hài ngắn tiktok, tiktok hài, tiktok hài hước, hài tiktok, hài, hài hước, giải trí, hài ngắn tiktok, phim hài ngắn giải trí, hài ngắn 2023, hài ngắn mới nhất, trần đức thắng, tổng hợp video hài hước, hài hước troll, hài ngắn comedy, trend titok mới nhất, shorts, #shorts, tiktok, #viral, đú trend, trend hot tiktok, viral, ân oán giang hồ",UCQ3lvanwwQ_tE_MgT1SMg2g,Theng,1450000,489,6134861,114698,442,0,PT1M55S,hd,false,True,public,True,True,https://i.ytimg.com/vi/hdwk24yNOdg/default.jpg,https://i.ytimg.com/vi/hdwk24yNOdg/mqdefault.jpg,https://i.ytimg.com/vi/hdwk24yNOdg/hqdefault.jpg,https://en.wikipedia.org/wiki/Humour,22,none,,vi
lWiP4E7Z88M,"ALL BRAINROT ANIMALS are calling me! TUNG Sahur, Brr Patapim..",,2025-04-30T14:20:39Z,,UCwxVtY8Wgv2cWAAfycNrE3g,Scary Romeo,140000,58,28986203,388766,327,0,PT25S,hd,false,True,public,True,True,https://i.ytimg.com/vi/lWiP4E7Z88M/default.jpg,https://i.ytimg.com/vi/lWiP4E7Z88M/mqdefault.jpg,https://i.ytimg.com/vi/lWiP4E7Z88M/hqdefault.jpg,https://en.wikipedia.org/wiki/Video_game_culture,22,none,,
zbPZGCzLLXM,Who is the culprit 🤭 ? - Trà Đặng Official #shorts #viralvideo #funny,,2025-05-02T08:05:46Z,,UC0V3bLajPuERuKwVvGbgtIQ,Trà Đặng Official,3460000,349,6502500,153410,427,0,PT15S,hd,false,True,public,True,True,https://i.ytimg.com/vi/zbPZGCzLLXM/default.jpg,https://i.ytimg.com/vi/zbPZGCzLLXM/mqdefault.jpg,https://i.ytimg.com/vi/zbPZGCzLLXM/hqdefault.jpg,"https://en.wikipedia.org/wiki/Entertainment, https://en.wikipedia.org/wiki/Performing_arts",24,none,vi,vi
X2Ngg9mEebw,Tử tế [BEN EAGLE] #beneagle #kungfu #martialarts #kindness,"Mình là người Việt Nam.
Cảm ơn các bạn đã ủng hộ kênh của mình nha.
Hãy ĐĂNG KÝ kênh để xem những video mới mỗi ngày nhé.
Hãy THẢ TIM + CHIA SẺ + BÌNH LUẬN nếu bạn thấy hay nhé.
Chúc tất cả các bạn có những giây phút thư giãn và giải trí tuyệt vời.
Yêu mến tất cả các bạn!!!
————————————
I am Vietnamese.
Thank you for supporting my channel.
Please SUBSCRIBE to watch new videos every day.
Please LIKE + SHARE + COMMENT if you find it interesting.
Wish you all have great moments of relaxation and entertainment.
Love you all!!!
___BEN EAGLE___
#beneagle #eaglesacademy #masterbeneagle #vothuatdienanh #vothuat #hanhdong #tuve #masterkungfu #haihuoc #tuvethucchien #dienxuat #action #funny #shortfilm #actionfilm #kungfu #selfdefence #fighting #combat #martialarts #trending #shorts #heroic #superhero #cookman #kingofkungfu #comedy #acting #actionactor #actiondirector #actionmovie",2025-04-23T13:01:02Z,"ben eagle, eagles, võ thuật điện ảnh, huấn luyện võ thuật điện ảnh, cascadeur, võ thuật, võ hiện đại, diễn viên hành động, ngôi sao võ thuật, trung tâm võ, học võ, tự vệ, eagle, shorts, ben eagle vn, lớp dạy võ, siêu nhân, phim hanh dong vo thuat, phim võ thuật, eagles academy, tiktok, master ben eagle, beneagle, ben eagle movie, ben eagle shorts, ben eagle tiktok, nhào lộn đường phố, tik tok, spider-man, sê lốc huy, skibidi toilet, minecraft, cartoon, youtube, ben eagle official",UCbGPgvNunvclTypPtL3sa0w,BEN EAGLE,39800000,8425,86175234,1416534,1363,0,PT26S,hd,false,True,public,False,True,https://i.ytimg.com/vi/X2Ngg9mEebw/default.jpg,https://i.ytimg.com/vi/X2Ngg9mEebw/mqdefault.jpg,https://i.ytimg.com/vi/X2Ngg9mEebw/hqdefault.jpg,"https://en.wikipedia.org/wiki/Entertainment, https://en.wikipedia.org/wiki/Film",24,none,vi,vi
yGJuvD-kr88,Khi tôi xem Brainrot nhiều vượt mức,"Các bạn có thể gặp anh ở đây nè:
https://www.instagram.com/nam.boo_
Tik Tok: Anh Bốn Mắt
Fanpage Toy Planet: https://www.facebook.com/hanhtinhdochoi/",2025-05-03T10:00:19Z,"brainrot, anh bốn mắt, anh tóc xanh",UCGZtr3Yx_pQH0d2z2zStXhQ,Anh Bốn Mắt,774000,405,4114929,63234,245,0,PT43S,hd,false,True,public,True,True,https://i.ytimg.com/vi/yGJuvD-kr88/default.jpg,https://i.ytimg.com/vi/yGJuvD-kr88/mqdefault.jpg,https://i.ytimg.com/vi/yGJuvD-kr88/hqdefault.jpg,https://en.wikipedia.org/wiki/Entertainment,22,none,,vi
KEMHI8Rtif4,"Cool Items!🥰 New Gadgets, Smart Appliances, Kitchen Tools Utensils, Home Cleaning, Beauty #shorts","Welcome to the 【Cool Items Official】 Channel! 🏠✨

This is an exciting world of family-themed product recommendations. Through our videos, we recommend various practical and interesting household items and demonstrate their applications and fun in daily life. Each video is meticulously produced, and we hope you can find inspiration and useful advice in them. 🎥😊

We highly value interaction with our audience; every comment and like from you is our motivation to keep creating. 🌟

If you like our content, please make sure to subscribe to the channel and click the bell icon 🔔 to interact with us and share your thoughts and suggestions. 💬

Join the 【Cool Items Official】 family and explore and share those items that make life better! 🌈

All videos are authorized by creators from Mainland China and strictly comply with platform regulations. 🛡️",2025-05-01T13:00:30Z,"household items, family essentials, home goods, useful products, product reviews, home improvement, family life, cool gadgets, daily essentials, home organization, home decor, kitchen gadgets, home accessories, family fun, practical items, home hacks, home tips, family products, lifestyle items, home tools, family must-haves, everyday essentials, home innovations, home solutions, family-friendly products, product recommendations, home efficiency, household gadgets",UCyGlHNYIsiXV47jUbvYA5DQ,Cool Items Official,20400000,2067,56775973,832422,1096,0,PT30S,hd,false,True,public,True,True,https://i.ytimg.com/vi/KEMHI8Rtif4/default.jpg,https://i.ytimg.com/vi/KEMHI8Rtif4/mqdefault.jpg,https://i.ytimg.com/vi/KEMHI8Rtif4/hqdefault.jpg,https://en.wikipedia.org/wiki/Lifestyle_(sociology),26,none,en,en
G7EXzGsruNU,BEST PRANK WITH CLASSMATES,,2025-04-26T13:10:10Z,,UCNRl8nOCoUvki2FNFxQZgEg,dednahype,42500000,4187,47388875,599995,648,0,PT39S,hd,false,True,public,True,True,https://i.ytimg.com/vi/G7EXzGsruNU/default.jpg,https://i.ytimg.com/vi/G7EXzGsruNU/mqdefault.jpg,https://i.ytimg.com/vi/G7EXzGsruNU/hqdefault.jpg,https://en.wikipedia.org/wiki/Entertainment,23,none,,en
ZojoTcIQDN4,Khi Bombardino Crocodilo Bắt Sheep | Sheep #shorts,"---
► Đăng Ký Kênh ""Sheep Farm"": https://bit.ly/3ygGILT
► Đăng Ký Kênh ""Sheep"": https://bit.ly/3rMzexz
------------------------------------------
#sheep #sheepfarm #roblox #metub #metubnetwork
------------------------------------------
© Bản quyền thuộc về Sheep
© Copyright by Sheep ☞ Do not Reup
""METUB Network - Mạng lưới các nhà sáng tạo nội dung hàng đầu Châu Á""",2025-04-28T11:44:54Z,"sheep, sheep farm, roblox, sheep chơi game, tiktok, tik tok, sheep tiktok, minecraft, mini world, sheep mini world, sheep minecraft, miniworld, sheep miniworld, shorts, animation, mini world animation, mini world story, tung tung sahur, sahur, tung tung tung, indorot, thanos, squid game, thanos squid game 2, squid game 2, bombardino crocodilo, italianrot, brainrot, tralalero tralala",UC2qV2TQ72mxSBJam-TSYVHQ,Sheep Farm,1080000,308,4548681,54645,192,0,PT31S,hd,false,True,public,True,True,https://i.ytimg.com/vi/ZojoTcIQDN4/default.jpg,https://i.ytimg.com/vi/ZojoTcIQDN4/mqdefault.jpg,https://i.ytimg.com/vi/ZojoTcIQDN4/hqdefault.jpg,"https://en.wikipedia.org/wiki/Entertainment, https://en.wikipedia.org/wiki/Film",20,none,,en-US
c5Y85Cy54h8,🤝Me And My Boss Working Together At The Studio💀 🎯...,"SUBSCRIBE & ADOPT A KATANA WITH THE LINK IN BIO!! 

If you love katana unboxing, then you'll love this. See the Katanas slice in action as satisfying as ASMR! These aren't rusted katanas! Sword-making, blacksmithing, knife making, and katana making are Mini Katana's passions! If you love anime like One Piece, Naruto, Demon Slayer, Attack on Titan, Miira No Kaikata, Mugen Train, Jujutsu Kaisen, sword art online abridged, slice of life anime, chainsaw man vs katana, afro samurai and are excited about the Swordsmith arc, you're gonna love our ninja weapons! Mini Katana is the founding titan of katana making, knife making, and the mini katana keychain. Learn how to draw a katana and how to make kunai like Naruto. We are the last samurai. We love Japanese anime, Japanese history, Japanese lofi, Japanese movies, and Japanese songs. Subscribe to watch mini katana unboxing, how to make a katana with cardboard and with paper, and more!  The Mini Katana Store is committed to high quality carbon steel blades and giving you slice of life looks as we try not to laugh challenge. Trust, Mini Katana knows how to make kunai and how to make a sword!

--OUR SOCIALS--
INSTAGRAM ► https://www.instagram.com/minikatanastore
TWITTER ► https://twitter.com/minikatanastore
TIKTOK ► https://www.tiktok.com/@mini.katana
DISCORD ► http://discord.gg/minikatana

For questions, email us at hello@minikatana.com",2025-04-26T01:00:42Z,,UCy_WCbqwp5ZZ4zNwAyMChiA,Mini Katana,20400000,2570,61198419,1026388,1379,0,PT58S,hd,false,True,public,True,True,https://i.ytimg.com/vi/c5Y85Cy54h8/default.jpg,https://i.ytimg.com/vi/c5Y85Cy54h8/mqdefault.jpg,https://i.ytimg.com/vi/c5Y85Cy54h8/hqdefault.jpg,https://en.wikipedia.org/wiki/Entertainment,22,none,,en-US
Jw7D891HEuY,Sự khác biệt giữa em và chị bị ốm#shorts,"Mọi người bỏ ra vài giây đăng ký theo dõi kênh và bật chuông ủng hộ cho Thủy nhé
➥ https://youtube.com/channel/UCvso5E5d9bymZ5me9oTPG5w?sub_confirmation=1

Chúc mọi người xem video thật vui vẻ niềm vui tràn ngập mỗi ngày
♦️ Fanpage: https://www.facebook.com/thuymit0407
♦️ Facebook cá nhân: https://www.facebook.com/thuy.mit.18659
♦️ Tiktok: https://www.tiktok.com/@dothuy0407

✨Tổng Hợp Trung Thu: https://www.youtube.com/playlist?list=PLyt5jh2XmiK0Sm4joyMdR6_EQREXxKolh
✨Tổng Hợp Siêu Hài Hước: https://www.youtube.com/playlist?list=PLyt5jh2XmiK1pCHYQkBW3Vn9F0xWOpRUP
✨Combo Giải Trí: https://www.youtube.com/playlist?list=PLyt5jh2XmiK0-Jusr9dJFdMEdfqPyPDSO

#ThuyMitOfficial #ThuyMit #tiktok #tiktoktrieuview #tiktokhai #haitiktok #clipgiaitri 
#viral",2025-04-29T04:30:11Z,"Thuỷ mít, Thuỷ mít official, Hài hước thuỷ mít, Tiktok, Siêu hài vui, Chị em tôi, Mẹ thiên vị, Hai chị em, Mẹ công bằng, Con em lươn lẹo, Cách mẹ xử đẹp, Sự khác biệt giữa em và chị, Đồ ăn siêu ngon, Gia đình bất ổn",UCvso5E5d9bymZ5me9oTPG5w,Thuỷ Mít Official,1130000,1175,1966895,33587,75,0,PT1M,hd,false,True,public,True,True,https://i.ytimg.com/vi/Jw7D891HEuY/default.jpg,https://i.ytimg.com/vi/Jw7D891HEuY/mqdefault.jpg,https://i.ytimg.com/vi/Jw7D891HEuY/hqdefault.jpg,"https://en.wikipedia.org/wiki/Entertainment, https://en.wikipedia.org/wiki/Humour",22,none,en,en
SyjjD0jLH-g,"Toàn cảnh Lễ diễu binh, diễu hành kỷ niệm 50 năm Giải phóng Miền Nam, thống nhất Đất nước","#livestream #vtvdigital #chuyendong24h  

 Lễ diễu binh, diễu hành kỷ niệm 50 năm Giải phóng Miền Nam, thống nhất Đất nước.

Chuyển động 24h do VTV Digital sản xuất, phát sóng trên kênh VTV1 - Đài Truyền hình Việt Nam.
►  Đăng ký ngay #chuyendong24h
- https://www.youtube.com/@vtvchuyendong
►  Theo dõi các thông tin khác trên hệ thống mạng xã hội của Chuyển động 24h 
- https://www.youtube.com/vtvchuyedong
- https://www.facebook.com/vtvchuyendong
- https://www.tiktok.com/@chuyendong24hnews

Bản quyền thuộc về  VTV - Đài Truyền hình Việt Nam.
Copyright © 2024 Vietnam Television.",2025-04-30T02:37:24Z,"vtv, vtv24, Chuyển động 24h, Chuyển động 24h hôm nay, Chuyen dong 24, VTV Digital, Thời sự quốc tế, Tin hot hôm nay, Tin tức, VTV Chuyen dong, Chương trình thời sự, Thời sự, Chuyen dong24h, Phóng sự điều tra, phong su dieu tra VTV, Lễ diễu binh 30/04, xem lại lễ diễu binh, lễ diễu binh full HD, Lễ diễu binh 50 năm thống nhất đất nước, kỷ niệm 30/04, lễ diễu binh VTV, xem lại lễ diễu binh 30/04, Full HD lễ diễu binh 30/04, full Hd lễ diễu binh, VTV quay lễ diễu binh",UCfU6Dd43n18xQvEUQL_CdhA,Chuyển động 24h,123000,1573,3252429,12553,344,0,PT54M9S,hd,false,True,public,True,True,https://i.ytimg.com/vi/SyjjD0jLH-g/default.jpg,https://i.ytimg.com/vi/SyjjD0jLH-g/mqdefault.jpg,https://i.ytimg.com/vi/SyjjD0jLH-g/hqdefault.jpg,"https://en.wikipedia.org/wiki/Military, https://en.wikipedia.org/wiki/Politics, https://en.wikipedia.org/wiki/Society",24,none,,
ruluXW9L8Rk,🦠Minecraft Run Challenge🟩 | Great Pig🐷 vs Zombie🧟‍♂️ vs Steve🤷‍♂️ vs ❓⬛️ | Who's last?👀,,2025-04-27T15:14:27Z,,UCF7NsKMoA6tOP62oCh805-A,RezoHulk,2900000,716,27990952,424524,472,0,PT17S,hd,false,True,public,True,True,https://i.ytimg.com/vi/ruluXW9L8Rk/default.jpg,https://i.ytimg.com/vi/ruluXW9L8Rk/mqdefault.jpg,https://i.ytimg.com/vi/ruluXW9L8Rk/hqdefault.jpg,https://en.wikipedia.org/wiki/Video_game_culture,17,none,en,en
COxn4pHbE2Q,Red🔴or Blue🔵? Color Guessing Game　@lovepe1,"This video is fictional!!

Welcome to the energetic and funny ISSEI Channel!!
Please subscribe if you like this videos, and hit the Like button and Share!
Stay tuned for more amazing contents! 

- Smile and Love from Japan -

#shorts #issei #issei0806 #squidgame #kdrama #dalgona #friends #meme #reaction #trending
#season3",2025-05-01T13:00:17Z,,UC6QZ_ss3i_8qLV_RczPZBkw,ISSEI / いっせい,60400000,3610,73293754,2500387,3627,0,PT51S,hd,false,True,public,True,True,https://i.ytimg.com/vi/COxn4pHbE2Q/default.jpg,https://i.ytimg.com/vi/COxn4pHbE2Q/mqdefault.jpg,https://i.ytimg.com/vi/COxn4pHbE2Q/hqdefault.jpg,https://en.wikipedia.org/wiki/Entertainment,24,none,en,en
0p9F4CQRvtc,GIẤU mà được à #xonhaBun #viral #comedy #trending #shorts,"Mình hi vọng rằng, Xó nhà bún sẽ được mọi người ghé thăm mỗi ngày, và nhận được thật nhiều niềm vui từ những câu chuyện nhỏ của chúng mình mỗi ngày ♥️👩‍❤️‍💋‍👩
Cảm ơn mọi người đã yêu thương và dành tình cảm cho chúng mình ♥️👩‍❤️‍💋‍👩

#xonhaBun #viral #comedy #trending #shorts #trending #tiktoktrieuview #vlog #dailyvlog  #giadinhhaihuoc #Metubnetwork #Metub

Các cậu đừng quên like share và nhấn đăng kí ủng hộ nhà mình nhé
►Email: xonhabun@gmail.com
►Kênh tiktok : tiktok.com/@xo.nha.bun
►Page: https://www.facebook.com/XoNhaBun/
►Đăng kí kênh: https://www.youtube.com/channel/UCclGtccK0e6HJVKBDesyQ_A?sub_confirmation=1
 
© Bản quyền thuộc về Xó nhà Bún ☞ Vui lòng không đăng tải lại dưới mọi hình thức!
© Copyright by Xó nhà Bún ☞ Do not Reup!",2025-04-27T09:10:00Z,"xó nhà bún, xóm nhà bún, nhà bún, tiktok xó nhà bún, tiktok trend, xó nhà Bún, gia đình hài hước, gia đình vui nhộn, cặp đôi hài hước, khoảnh khắc vui nhộn, tiktok, xonhabun, vlog, dailyvlog, xó nhà bún tiktok, xó nhà bún đi đẻ, xó nhà bún đi du lịch, xó nhà bún vlog, vlog gia đình, tiktok gia đình, vlog xó nhà bún, nhà bún vlog, gia đình nhà bún, bố bún, mẹ bún, bún bún, em bé bún, mẹ bún có bầu",UCclGtccK0e6HJVKBDesyQ_A,Xó nhà Bún,540000,522,2634011,31621,65,0,PT43S,hd,false,True,public,True,True,https://i.ytimg.com/vi/0p9F4CQRvtc/default.jpg,https://i.ytimg.com/vi/0p9F4CQRvtc/mqdefault.jpg,https://i.ytimg.com/vi/0p9F4CQRvtc/hqdefault.jpg,https://en.wikipedia.org/wiki/Lifestyle_(sociology),22,none,,
WeIKBYMMQ5k,🥦 Good Foods vs Bad Foods! Learn Teeth-Friendly Eating 🦷😄,"Kids will learn how to keep their teeth healthy with this fun and tasty game! 🦷✨ We explore which foods help and which ones hurt your smile—with playful sorting and big reactions! A perfect way to mix health education with fun. 🍎

🦷 Healthy Eating, 🥦 Teeth Game, ✨ Smart Smiles, 🍎 Food Sorting, 🧒 Learn & Play, 😄 Healthy Habits",2025-04-19T18:00:31Z,"shorts, funny, funny video, family friendly, kids, teeth, health, food, learning, smile, good vs bad, healthy, habits, fun, sort, smart, game",UCFGguhKQJOtRqBkn49Ped8g,BoomZy Doo,678000,200,95913378,1255512,0,0,PT15S,hd,false,True,public,True,True,https://i.ytimg.com/vi/WeIKBYMMQ5k/default.jpg,https://i.ytimg.com/vi/WeIKBYMMQ5k/mqdefault.jpg,https://i.ytimg.com/vi/WeIKBYMMQ5k/hqdefault.jpg,https://en.wikipedia.org/wiki/Entertainment,24,none,,
5ymWQc6odMA,Theng | Người Mẹ Siêu Thám Tử #viral #shorts,"A DAY WITHOUT LAUGHTER IS A DAY WASTED 
""Theng - tên thật là Thắng""
Tạo tiếng cười cho mọi người là NIỀM VUI của Thắng
Mọi người hãy nhấn đăng kí để ủng hộ Thắng và dễ dàng theo dõi clip mới nhất của Thắng!
Các mạng xã hội mà mình sử dụng:
Facebook: https://www.facebook.com/profile.php?id=100018578207222
Tiktok: https://www.tiktok.com/@thengneee
CÁM ƠN TÌNH CẢM MỌI DÀNH CHO MÌNH RẤT NHIỀU!
MÃI YÊU!

© Bản quyền video thuộc về Theng
© Copyright by Theng  ☞ Do not Reup
#metub",2025-04-30T11:00:11Z,"Theng, theng, Trần Đức Thắng, Thắng, phim ngắn, phim hài, phim hài ngắn, hài ngắn, phim hài tiktok, phim hài ngắn tiktok, tiktok hài, tiktok hài hước, hài tiktok, hài, hài hước, giải trí, hài ngắn tiktok, phim hài ngắn giải trí, hài ngắn 2023, hài ngắn mới nhất, trần đức thắng, tổng hợp video hài hước, hài hước troll, hài ngắn comedy, trend titok mới nhất, shorts, #shorts, tiktok, #viral, đú trend, trend hot tiktok, viral, ân oán giang hồ",UCQ3lvanwwQ_tE_MgT1SMg2g,Theng,1450000,489,3353613,59224,114,0,PT2M4S,hd,false,True,public,True,True,https://i.ytimg.com/vi/5ymWQc6odMA/default.jpg,https://i.ytimg.com/vi/5ymWQc6odMA/mqdefault.jpg,https://i.ytimg.com/vi/5ymWQc6odMA/hqdefault.jpg,https://en.wikipedia.org/wiki/Humour,22,none,,vi
JltGeM1-M5s,Let's Learn about Emotions the Fun Way! 😱😂😡 #kidssong #funny #art,,2025-04-22T11:00:26Z,,UCZ5FV000uOKva7-9p34bVQw,MEOWJI,3140000,359,128252863,1694453,0,0,PT12S,hd,false,True,public,True,True,https://i.ytimg.com/vi/JltGeM1-M5s/default.jpg,https://i.ytimg.com/vi/JltGeM1-M5s/mqdefault.jpg,https://i.ytimg.com/vi/JltGeM1-M5s/hqdefault.jpg,"https://en.wikipedia.org/wiki/Entertainment, https://en.wikipedia.org/wiki/Humour",26,none,,
YpX77CtdYVQ,Xuyên không đến thế giới tiêu tiền bằng lá cây,"Các bạn có thể gặp anh ở đây nè:
https://www.instagram.com/nam.boo_
Tik Tok: Anh Bốn Mắt
Fanpage Toy Planet: https://www.facebook.com/hanhtinhdochoi/",2025-05-07T09:45:02Z,"Anh bốn mắt, Anh tóc xanh, Xuyên không",UCGZtr3Yx_pQH0d2z2zStXhQ,Anh Bốn Mắt,774000,405,2761663,44427,752,0,PT43S,hd,false,True,public,True,True,https://i.ytimg.com/vi/YpX77CtdYVQ/default.jpg,https://i.ytimg.com/vi/YpX77CtdYVQ/mqdefault.jpg,https://i.ytimg.com/vi/YpX77CtdYVQ/hqdefault.jpg,https://en.wikipedia.org/wiki/Entertainment,22,none,,vi
_fdSScY9qHA,Khi Squid Game Có Trò Tô Màu Brainrot Baby P2 | Sheep #shorts,"► Đăng ký kênh Sheep: https://www.youtube.com/c/Sheep95
► Đăng ký kênh Sheep Shorts: https://metub.net/sheepshorts
► Đăng ký kênh Sheep Farm: https://metub.net/sheepfarm
► Đăng ký kênh Rút: https://metub.net/rut
---------------------

#sheep #sheepchoigame #sheepfarm #sheepsuutam #sheeptruyenma #metub #metubnetwork 
---------------------
© Bản quyền thuộc về Sheep
© Copyright by Sheep ☞ Do not Reup
""METUB Network - Mạng lưới các nhà sáng tạo nội dung hàng đầu Châu Á""",2025-05-08T10:30:31Z,"sheep, rút, sheep chơi game, sheep reaction, sheep tiktok, tiktok sheep, sheep súp bờ, sheepfarm, sheep kể chuyện ma, game kinh dị, creepy game, creepypasta game, horror game, sheep chơi game kinh dị, reaction game kinh dị, sheep squid game, shorts, brainrot, squid game, squid game tiktok, squid game real life, squid game funny, squid game song, squid game brainrot song, squid game brainrot",UCj_LC4oQW2nEr9X4XPs2uFw,Sheep,4680000,724,3275040,39629,282,0,PT46S,hd,false,True,public,True,True,https://i.ytimg.com/vi/_fdSScY9qHA/default.jpg,https://i.ytimg.com/vi/_fdSScY9qHA/mqdefault.jpg,https://i.ytimg.com/vi/_fdSScY9qHA/hqdefault.jpg,https://en.wikipedia.org/wiki/Lifestyle_(sociology),24,none,vi,en-US
fJFU84r-ecA,What method does the joker use to turn red#Harley Quinn #joker,"We hope you have a good time with our videos, and you are welcome to subscribe to our channel！！
Our video production team pays special attention to the safety needs of children to ensure that the content does not cause any harm to them",2025-04-26T13:20:44Z,"#Harley Quinn, #joker",UCYFKMKQwYNun2wNj458kREQ,Harley Quinn with the Joker,11000000,1608,22830397,582309,258,0,PT48S,hd,false,True,public,True,True,https://i.ytimg.com/vi/fJFU84r-ecA/default.jpg,https://i.ytimg.com/vi/fJFU84r-ecA/mqdefault.jpg,https://i.ytimg.com/vi/fJFU84r-ecA/hqdefault.jpg,https://en.wikipedia.org/wiki/Entertainment,22,none,en,en
gDT1Kyw1mnM,"Toàn cảnh tổng duyệt diễu binh diễu hành, tiến tới đại lễ 30/4","#baothanhnien #tintuc #hoabinhdeplam 
Hòa chung không khí chuẩn bị cho đại lễ 30/4, buổi tổng duyệt diễu binh, diễu hành mừng 50 năm thống nhất đất nước đã diễn ra với sự tham gia đông đảo của các lực lượng và người dân TP.HCM.
--------
Đăng kí theo dõi kênh để xem những tin tức mới nhất: 

https://metub.net/BaoThanhNien

Tin tức báo Thanh Niên - Đọc tin mới online - tin nhanh - tin 24h - thời sự
Kênh YouTube chính thức của Báo Thanh Niên. Đăng kí theo dõi kênh để xem những tin tức mới nhất: 

https://metub.net/BaoThanhNien

Website: http://thanhnien.vn/
Fanpage: https://www.facebook.com/thanhnien

Youtube Channel: https://metub.net/BaoThanhNien

268 - 270 Nguyễn Đình Chiểu, Phường Võ Thị Sáu, Q.3, TP HCM 
ĐT: (+84.8) 39302302 
Fax: (+84.8) 39309939 
Email: tnmedia@thanhnien.vn",2025-04-27T23:00:06Z,"báo thanh niên, tin tức, tin Việt Nam, thời sự, báo thanh niên hôm nay, báo thanh niên mới nhất, news, tin tức mới nhất, tin hot, tin mới, tin nóng, toàn cảnh, cấm xe, cấm xe hôm nay, lịch cấm đường, Cấm đường, người dân TP.HCM, 50 năm đất nước thống nhất, pháo hoa, bắn pháo hoa, pháo hoa tầm cao, tổng duyệt diễu binh, diễu binh, 30.4, toàn cảnh diễu binh, toàn cảnh tổng duyệt",UCIW9cGgoRuGJnky3K3tbzNg,Báo Thanh Niên,6140000,69555,3512160,9096,41,0,PT52M16S,hd,false,True,public,True,True,https://i.ytimg.com/vi/gDT1Kyw1mnM/default.jpg,https://i.ytimg.com/vi/gDT1Kyw1mnM/mqdefault.jpg,https://i.ytimg.com/vi/gDT1Kyw1mnM/hqdefault.jpg,"https://en.wikipedia.org/wiki/Politics, https://en.wikipedia.org/wiki/Society",25,none,,vi
zaBwboCQrVQ,Toothpaste maker by Secret Vlog,,2025-04-24T04:55:00Z,,UCgqy_Kgctp5quGUsvIyqKVw,Secret Vlog,16600000,3680,53487930,586531,297,0,PT15S,hd,false,True,public,True,True,https://i.ytimg.com/vi/zaBwboCQrVQ/default.jpg,https://i.ytimg.com/vi/zaBwboCQrVQ/mqdefault.jpg,https://i.ytimg.com/vi/zaBwboCQrVQ/hqdefault.jpg,https://en.wikipedia.org/wiki/Entertainment,23,none,en-US,en-US
MvTco4mwv-k,Linh Trang lần đầu làm cảnh sát 🚓🔫👮🏻‍♀️ Police dance cover #shorts,"Linh Trang lần đầu làm cảnh sát 🚓🔫👮🏻‍♀️ Police dance cover #shorts

📌 Like, comment & subscribe for more funny couple moments! 💖

------------------------------------------

-
-
Hello! 💚 Thank you for watching the Small Family TV's product! 💕
Have fun watching the video! 💕. Hope you all enjoy our channel and please subscribe to get notified of the latest uploads.
▬▬▬▬▬▬▬▬▬▬▬▬▬▬▬▬▬▬▬▬▬▬▬▬
► Parental Guidelines: Some of the content in this video may not be suitable for children Under 13.

#shorts  #funny  #trending #comedyWatch till the end to see what happens… 😂

💬 Tag someone who needs this warning!

📌 Like, comment & subscribe for more funny couple moments! 💖

------------------------------------------

-
-
Hello! 💚 Thank you for watching the Small Family TV's product! 💕
Have fun watching the video! 💕. Hope you all enjoy our channel and please subscribe to get notified of the latest uploads.
▬▬▬▬▬▬▬▬▬▬▬▬▬▬▬▬▬▬▬▬▬▬▬▬
► Parental Guidelines: Some of the content in this video may not be suitable for children Under 13.

#shorts  #funny  #trending #comedy",2025-04-20T10:00:36Z,"shorts, #shorts, trend tik tok, shorts video, tiktok, Crazy dance, trend tiktok, lt studio, lt, funny family, Funny Story, Small Family TV, Squid Game, Just For Fun, Sad Story, Tưởng Gì, Funny Family, Funny Video 2025, OMG, Funny Video, #viralvideo, #funny, Linh Trang lần đầu làm cảnh sát, Police dance cover",UCPQ_0hRIRH4uz3OORNyBo8Q,Small Family TV,3750000,1065,4123474,38711,26,0,PT15S,hd,false,True,public,True,True,https://i.ytimg.com/vi/MvTco4mwv-k/default.jpg,https://i.ytimg.com/vi/MvTco4mwv-k/mqdefault.jpg,https://i.ytimg.com/vi/MvTco4mwv-k/hqdefault.jpg,"https://en.wikipedia.org/wiki/Entertainment, https://en.wikipedia.org/wiki/Performing_arts",22,none,,vi
